,n,med,rem,work
0,65536,5.560975609756097,448.77560975609754,191217.27804878048
1,131072,5.56,680.9,339822.22
2,262144,5.6,1045.46,614539.712
